game_id,target
5,0
7,0
12,0
15,0
30,0
28,0
27,0
31,0
22,0
20,0
24,0
33,0
34,0
36,0
38,0
44,0
45,0
46,0
49,0
56,0
52,0
63,0
64,0
59,0
71,0
75,0
81,0
85,0
94,0
95,0
104,0
110,0
105,0
108,0
109,0
122,0
121,0
112,0
115,0
118,0
124,0
125,0
133,0
134,0
142,0
143,0
150,0
149,0
148,0
147,0
152,0
156,0
157,0
159,0
161,0
163,0
172,0
187,0
183,0
181,0
182,0
193,0
203,0
206,0
207,1
209,0
210,0
211,0
225,0
223,0
224,0
217,0
222,0
236,0
237,0
238,0
241,0
244,0
246,0
249,0
251,0
255,0
264,0
261,0
263,0
270,0
271,0
273,0
278,0
279,0
284,0
286,0
292,0
288,0
297,0
302,0
304,0
305,0
307,0
308,0
312,0
314,0
315,0
317,0
322,0
323,0
331,0
329,0
328,0
339,0
349,0
352,0
359,0
361,0
367,0
368,0
369,0
370,0
375,0
384,0
382,0
386,0
390,0
392,0
393,0
394,0
396,0
397,0
398,0
399,0
405,0
417,0
416,0
410,0
411,0
413,0
418,0
420,0
433,0
436,0
451,0
442,0
456,0
455,0
454,0
457,1
460,0
462,0
465,0
467,0
470,0
471,0
476,0
477,0
475,0
484,0
490,0
492,0
493,0
496,0
498,0
506,0
509,0
516,0
514,0
521,0
522,0
520,0
526,0
527,0
528,0
531,0
532,0
537,0
545,0
547,0
544,0
542,0
541,0
543,0
550,0
553,0
554,0
558,0
561,0
569,0
570,0
579,0
581,0
587,0
597,0
599,0
595,0
596,0
604,0
607,0
611,0
612,0
613,0
614,1
618,0
619,0
623,0
627,0
638,1
637,0
635,0
634,0
643,0
644,0
646,0
647,0
649,0
655,0
659,0
662,0
673,0
670,0
666,0
669,0
674,0
675,0
681,0
685,0
687,0
688,0
692,0
700,0
702,0
699,0
696,0
707,0
710,0
712,0
717,0
718,0
719,0
723,0
738,0
742,0
744,0
748,0
750,0
751,0
756,0
761,0
763,0
765,0
770,0
771,0
777,0
780,0
776,0
782,0
784,0
795,0
797,0
799,0
805,0
812,0
821,0
819,0
820,0
831,0
830,0
823,0
825,0
833,0
836,0
837,0
844,0
845,0
853,0
857,1
854,0
856,0
867,0
863,0
871,0
875,0
878,0
879,0
881,0
886,0
888,0
891,0
903,0
902,0
905,0
906,0
900,0
897,0
898,0
896,0
911,0
913,0
914,0
915,1
920,0
922,0
924,0
926,0
929,0
930,0
940,0
936,0
944,0
946,0
947,0
948,0
952,0
956,0
958,0
961,0
969,0
967,0
962,0
968,0
976,0
979,0
985,0
990,0
996,0
1005,0
1015,0
1017,0
1016,0
1014,0
1013,0
1011,0
1019,0
1021,0
1024,0
1025,0
1026,0
1031,0
1034,0
1028,0
1050,0
1043,0
1045,0
1052,0
1053,0
1056,0
1062,0
1064,0
1071,0
1089,0
1088,0
1087,1
1085,0
1083,0
1086,0
1098,0
1099,0
1102,0
1107,0
1108,0
1115,0
1114,1
1117,0
1126,0
1123,0
1136,0
1133,0
1128,0
1130,0
1138,0
1141,0
1142,0
1148,0
1162,0
1154,0
1156,0
1158,0
1159,1
1164,0
1166,0
1167,0
1168,0
1173,0
1175,0
1183,0
1182,0
1185,0
1192,0
1191,0
1189,0
1187,0
1198,0
1200,0
1201,0
1204,0
1207,0
1208,0
1228,0
1227,0
1225,0
1222,0
1220,0
1217,0
1216,0
1236,0
1240,0
1241,0
1244,0
1246,0
1253,0
1259,0
1261,0
1260,0
1263,0
1267,0
1272,0
1273,0
1274,0
1275,0
1276,0
1277,0
1279,0
1285,0
1292,0
1295,0
1304,0
1306,1
1308,0
1313,0
1316,0
1325,0
1326,0
1328,0
1331,0
1336,0
1340,0
1333,0
1335,0
1341,1
1342,0
1356,0
1363,0
1364,0
1365,0
1366,0
1367,0
1369,0
1375,0
1380,0
1382,0
1383,0
1387,0
1388,0
1389,0
1390,0
1394,0
1399,0
1400,0
1406,0
1411,0
1410,0
1416,0
1418,0
1419,0
1422,0
1426,0
1427,0
1433,0
1441,0
1436,0
1440,0
1454,1
1451,0
1456,0
1457,0
1459,0
1466,0
1478,0
1479,0
1481,0
1487,0
1496,0
1497,0
1492,0
1495,0
1507,0
1501,0
1505,0
1508,0
1517,0
1520,0
1524,0
1527,0
1528,0
1529,0
1532,0
1554,0
1553,0
1552,0
1550,0
1544,0
1547,0
1543,0
1540,0
1549,0
1562,1
1565,0
1567,0
1568,0
1570,0
1576,0
1582,0
1583,0
1584,0
1587,0
1592,0
1597,0
1601,0
1606,0
1612,0
1613,0
1626,0
1625,0
1618,0
1629,1
1630,0
1636,1
1642,0
1652,0
1654,0
1661,0
1664,0
1666,0
1673,0
1680,0
1679,0
1686,0
1691,0
1692,0
1700,0
1706,0
1710,0
1713,0
1719,0
1723,0
1725,0
1720,0
1728,0
1733,0
1744,0
1745,0
1751,0
1762,0
1766,0
1771,0
1785,0
1784,0
1798,0
1795,0
1796,0
1800,0
1803,0
1807,0
1812,0
1813,0
1820,0
1816,0
1817,0
1821,0
1826,0
1825,0
1822,0
1823,0
1833,0
1828,0
1830,0
1839,0
1840,0
1837,0
1844,0
1850,0
1851,0
1862,0
1867,0
1871,0
1872,0
1873,0
1879,0
1881,0
1882,0
1892,0
1893,0
1899,0
1901,0
1904,0
1900,0
1908,0
1910,0
1911,0
1915,0
1918,0
1919,0
1920,0
1923,0
1925,1
1935,0
1940,0
1939,0
1936,0
1937,0
1943,0
1948,0
1949,0
1951,0
1954,0
1962,0
1957,0
1958,0
1971,0
1969,0
1964,0
1976,0
1977,0
1978,0
1983,0
1982,0
1987,0
1979,0
1980,0
1990,0
2002,0
2004,0
2008,0
2011,0
2020,0
2021,0
2022,0
2026,0
2030,0
2031,0
2035,0
2040,0
2045,0
2055,0
2056,0
2059,0
2064,0
2067,0
2071,0
2075,0
2076,0
2091,0
2085,0
2089,0
2083,0
2084,0
2099,0
2101,0
2104,0
2113,0
2121,0
2114,0
2115,1
2117,0
2120,0
2129,0
2124,0
2134,0
2141,0
2142,0
2147,0
2149,0
2153,1
2157,0
2159,0
2169,0
2168,0
2173,0
2172,0
2171,0
2182,0
2184,0
2186,0
2190,0
2196,1
2198,0
2202,0
2203,0
2208,0
2207,0
2205,0
2206,0
2212,0
2215,0
2224,0
2227,0
2229,0
2232,0
2237,1
2241,0
2244,0
2259,0
2258,0
2252,0
2256,0
2265,0
2267,0
2271,0
2273,0
2276,0
2283,0
2285,0
2286,0
2287,0
2300,0
2313,0
2316,0
2330,0
2332,0
2334,0
2342,0
2343,0
2348,0
2357,0
2359,0
2360,1
2358,0
2377,0
2383,0
2384,0
2387,0
2400,0
2406,0
2411,0
2414,0
2423,0
2424,0
2420,0
2425,0
2428,0
2438,0
2439,0
2440,0
2443,0
2447,0
2448,0
2449,0
2450,0
2451,0
2467,1
2466,0
2456,0
2471,0
2485,0
2488,0
2490,0
2491,0
2492,0
2495,0
2507,0
2509,0
2508,0
2503,0
2504,0
2515,0
2512,0
2514,0
2522,0
2526,0
2520,0
2521,0
2542,0
2541,0
2545,0
2540,0
2536,0
2537,0
2533,0
2539,0
2534,0
2552,0
2554,0
2556,0
2559,0
2563,1
2565,0
2568,0
2572,0
2587,1
2590,0
2591,0
2594,0
2596,0
2597,0
2598,0
2599,0
2601,0
2608,1
2610,0
2611,0
2632,0
2631,0
2630,0
2629,0
2627,0
2640,0
2644,0
2647,0
2653,0
2654,0
2656,0
2658,0
2659,0
2677,0
2673,0
2683,0
2687,0
2688,0
2691,0
2694,1
2695,0
2702,1
2704,0
2707,0
2708,0
2715,0
2714,0
2712,1
2713,0
2711,0
2716,0
2721,1
2724,0
2726,0
2727,0
2733,0
2734,0
2741,0
2742,0
2751,0
2749,0
2744,0
2745,0
2757,0
2759,0
2761,0
2762,0
2767,0
2769,0
2778,0
2780,0
2775,0
2774,0
2773,0
2795,0
2799,0
2801,0
2813,0
2814,1
2819,0
2820,0
2827,0
2831,0
2828,0
2841,0
2846,0
2848,0
2849,0
2851,0
2855,0
2856,0
2858,0
2861,0
2875,0
2871,0
2869,0
2874,0
2876,0
2879,0
2880,0
2884,0
2899,0
2907,0
2908,0
2919,0
2917,0
2915,0
2914,0
2916,0
2923,0
2928,0
2934,0
2940,0
2951,0
2950,0
2961,0
2970,0
2966,0
2975,0
2977,0
2985,0
2989,1
2990,0
2991,0
2992,0
2994,0
2997,0
3007,0
3006,0
3013,0
3016,0
3017,0
3027,0
3028,0
3035,0
3037,0
3039,0
3040,0
3050,0
3047,0
3046,0
3045,0
3044,0
3054,0
3057,0
3058,0
3059,0
3068,0
3071,0
3072,0
3077,0
3075,0
3081,0
3083,0
3084,0
3088,0
3092,0
3094,0
3115,0
3109,0
3112,0
3106,0
3107,0
3104,0
3119,0
3131,0
3135,0
3137,0
3144,0
3149,0
3152,0
3156,0
3154,0
3162,1
3165,0
3166,0
3168,0
3169,0
3170,0
3185,0
3187,0
3188,0
3191,1
3193,0
3194,0
3206,0
3203,1
3211,0
3210,0
3221,0
3218,0
3215,0
3216,0
3234,1
3236,0
3241,0
3245,0
3247,0
3250,0
3255,0
3257,0
3252,0
3254,0
3260,0
3261,0
3264,0
3265,0
3270,0
3272,0
3273,0
3275,0
3284,0
3282,0
3281,0
3278,0
3277,0
3280,0
3293,0
3294,0
3297,0
3306,0
3300,0
3304,0
3305,1
3318,0
3317,0
3315,0
3322,0
3327,0
3328,1
3333,0
3346,0
3342,0
3347,0
3339,0
3338,0
3341,1
3353,0
3349,0
3348,0
3367,1
3372,0
3373,0
3379,0
3384,0
3389,0
3390,0
3403,0
3406,0
3402,0
3409,1
3413,0
3414,0
3417,0
3428,0
3430,0
3437,0
3438,0
3448,0
3446,0
3454,0
3455,0
3451,0
3459,0
3465,0
3474,0
3477,0
3481,0
3484,0
3487,0
3494,0
3500,1
3503,1
3501,0
3497,0
3496,0
3508,0
3510,0
3515,0
3520,0
3527,0
3540,1
3541,0
3542,0
3553,0
3550,1
3549,0
3560,0
3569,0
3577,0
3580,1
3581,0
3584,0
3588,0
3592,0
3593,0
3609,0
3608,0
3602,0
3600,0
3613,0
3614,0
3617,0
3618,0
3621,0
3622,0
3623,0
3627,0
3635,1
3634,1
3629,0
3640,0
3641,0
3645,1
3648,0
3650,0
3654,0
3657,0
3661,0
3672,1
3678,0
3676,0
3677,0
3686,0
3698,0
3699,0
3700,0
3708,0
3702,0
3705,1
3706,0
3715,0
3714,0
3713,0
3719,0
3726,0
3727,0
3728,0
3731,0
3736,0
3743,0
3745,0
3752,0
3760,0
3758,0
3757,0
3756,0
3762,0
3766,0
3767,0
3771,0
3773,0
3774,0
3775,0
3792,0
3791,0
3788,0
3784,0
3789,0
3793,0
3794,0
3795,0
3796,0
3798,0
3803,1
3804,0
3802,0
3801,0
3800,0
3807,0
3814,0
3820,0
3829,0
3830,1
3833,0
3834,0
3841,1
3842,1
3853,1
3854,0
3848,0
3844,0
3845,0
3858,0
3860,0
3863,0
3865,0
3870,0
3876,0
3877,0
3884,0
3885,1
3888,0
3892,0
3894,0
3895,0
3897,0
3901,0
3910,0
3912,0
3914,0
3916,0
3917,0
3919,0
3920,1
3926,1
3927,0
3930,0
3934,0
3938,0
3941,0
3942,0
3950,0
3951,0
3961,0
3959,0
3955,0
3954,0
3957,0
3975,0
3977,0
3981,0
3983,0
3984,0
3985,0
3994,0
3995,0
3988,1
3993,0
4000,0
4008,0
4014,0
4015,0
4019,1
4021,0
4026,0
4030,0
4023,1
4024,0
4028,0
4034,0
4036,0
4037,0
4039,0
4042,0
4044,0
4050,0
4060,0
4056,0
4065,0
4064,0
4062,1
4069,0
4070,0
4077,0
4085,0
4086,1
4091,1
4092,0
4094,0
4101,0
4100,0
4107,0
4104,0
4105,0
4113,0
4116,0
4122,0
4129,0
4127,0
4128,0
4133,1
4137,0
4145,0
4148,0
4138,0
4143,0
4169,0
4164,0
4172,0
4173,0
4177,0
4181,0
4185,0
4195,0
4198,0
4199,0
4212,0
4209,0
4201,0
4204,0
4216,0
4222,0
4230,0
4234,0
4235,0
4242,0
4248,0
4251,0
4253,0
4265,0
4264,0
4270,0
4272,0
4274,0
4278,0
4282,0
4285,0
4288,0
4290,0
4295,0
4300,0
4313,0
4306,0
4309,0
4315,1
4316,0
4318,1
4325,0
4333,0
4334,0
4339,0
4348,0
4343,0
4342,0
4353,0
4361,1
4362,0
4364,0
4365,0
4367,0
4370,0
4371,0
4372,0
4374,0
4375,0
4377,0
4382,0
4388,0
4389,0
4392,0
4393,0
4395,0
4398,0
4400,0
4401,0
4407,0
4436,1
4446,0
4444,0
4440,0
4450,0
4455,0
4458,0
4459,0
4461,0
4462,0
4464,0
4468,0
4473,0
4474,0
4484,0
4483,0
4479,1
4480,0
4489,0
4490,1
4493,0
4497,0
4506,0
4515,0
4518,0
4524,0
4522,1
4520,0
4527,0
4528,0
4530,0
4533,0
4535,0
4537,0
4538,0
4544,0
4549,0
4555,0
4553,0
4559,0
4560,0
4562,0
4563,0
4568,0
4570,0
4571,0
4573,0
4574,0
4586,0
4588,0
4593,1
4594,0
4595,0
4596,0
4602,0
4608,0
4611,0
4613,1
4616,0
4619,0
4625,0
4637,0
4636,1
4629,1
4630,0
4640,0
4641,0
4646,0
4647,0
4648,1
4651,1
4665,0
4668,1
4670,0
4667,0
4677,0
4678,0
4681,0
4687,0
4688,0
4689,0
4690,0
4699,0
4695,0
4709,0
4713,0
4715,0
4718,0
4719,1
4721,0
4722,0
4724,0
4726,0
4727,0
4738,0
4734,1
4735,0
4732,0
4733,0
4740,0
4747,0
4749,1
4750,0
4751,0
4753,0
4755,0
4760,0
4765,0
4761,0
4770,0
4778,1
4779,0
4784,1
4786,0
4788,0
4792,0
4793,0
4796,0
4800,0
4804,0
4808,0
4815,0
4814,0
4811,0
4823,0
4825,0
4827,0
4828,0
4829,0
4837,0
4841,0
4845,0
4846,0
4844,0
4847,0
4850,0
4851,0
4855,1
4858,0
4861,0
4870,0
4864,0
4868,0
4876,1
4877,0
4872,0
4874,0
4880,0
4881,1
4886,0
4889,0
4891,0
4893,0
4901,0
4903,0
4904,0
4907,0
4920,0
4914,0
4922,0
4925,0
4926,0
4929,0
4932,0
4937,0
4938,0
4943,0
4948,0
4949,1
4961,0
4956,0
4962,0
4965,0
4970,0
4972,0
4975,1
4984,0
4992,0
4997,0
4998,0
5009,0
5008,0
5004,0
5007,0
5010,0
5011,0
5012,0
5014,0
5016,0
5024,0
5035,0
5038,0
5041,0
5051,0
5049,0
5056,0
5062,0
5064,0
5065,0
5069,0
5070,0
5073,0
5078,0
5079,0
5086,0
5084,0
5082,0
5081,0
5083,1
5091,0
5094,0
5095,0
5096,0
5111,0
5103,0
5113,0
5126,0
5127,0
5123,0
5125,0
5122,0
5121,0
5118,0
5129,0
5130,0
5136,0
5140,0
5141,0
5143,0
5144,0
5147,1
5166,0
5165,0
5162,0
5163,0
5164,0
5168,0
5174,0
5180,0
5181,0
5195,1
5202,0
5201,0
5204,0
5203,0
5206,1
5207,0
5209,1
5212,0
5217,0
5223,0
5231,0
5238,0
5239,0
5241,1
5248,0
5258,0
5257,0
5253,0
5256,0
5266,0
5268,0
5274,0
5277,0
5279,0
5287,0
5284,0
5302,0
5301,0
5303,0
5306,0
5308,0
5310,0
5314,0
5317,0
5320,0
5323,0
5331,0
5332,0
5328,0
5330,0
5333,0
5334,0
5349,0
5351,1
5352,0
5354,0
5362,0
5372,0
5364,0
5370,0
5378,0
5376,0
5382,0
5383,0
5385,0
5387,0
5388,0
5390,0
5391,0
5392,0
5393,0
5401,0
5400,1
5399,0
5402,0
5404,0
5408,0
5409,0
5412,0
5416,0
5419,0
5425,0
5427,0
5434,0
5439,0
5446,0
5447,0
5452,0
5453,1
5455,0
5456,0
5459,0
5461,0
5462,0
5470,0
5469,0
5468,0
5463,0
5479,0
5486,0
5488,0
5495,0
5498,0
5499,0
5514,0
5511,0
5509,0
5506,0
5501,0
5507,0
5527,0
5530,0
5531,0
5532,0
5535,0
5536,0
5538,0
5543,0
5546,0
5545,0
5541,0
5544,0
5551,0
5552,0
5553,0
5563,1
5555,0
5575,0
5589,0
5587,0
5595,1
5594,0
5593,0
5591,0
5601,0
5608,0
5611,0
5612,0
5619,0
5622,0
5628,0
5630,0
5631,0
5639,0
5643,0
5654,0
5655,0
5659,0
5669,0
5671,0
5673,0
5674,0
5688,0
5690,0
5702,0
5695,0
5693,0
5696,0
5706,0
5707,0
5710,0
5711,0
5713,0
5717,0
5731,0
5730,1
5728,0
5723,0
5736,1
5743,0
5744,0
5746,0
5747,0
5751,1
5759,0
5763,0
5758,0
5764,0
5770,0
5768,0
5769,0
5766,0
5765,1
5772,0
5774,0
5779,0
5781,0
5782,1
5791,0
5794,0
5801,0
5797,0
5802,0
5803,0
5810,1
5812,0
5813,0
5814,0
5815,1
5816,0
5827,0
5826,0
5830,0
5834,0
5843,0
5849,0
5851,0
5852,0
5856,0
5858,0
5863,0
5864,0
5870,0
5871,0
5883,0
5879,0
5876,0
5886,0
5892,1
5895,0
5898,0
5901,0
5902,0
5905,0
5908,0
5909,0
5912,0
5920,0
5919,0
5937,0
5939,0
5941,0
5946,1
5950,0
5951,1
5953,0
5955,0
5956,0
5959,0
5966,0
5963,0
5961,0
5962,0
5968,0
5973,1
5974,0
5975,0
5976,0
5980,0
5981,0
5983,1
5987,0
5984,0
5993,0
6002,0
6016,0
6018,0
6024,0
6025,0
6029,0
6037,0
6039,0
6034,0
6041,0
6049,1
6051,0
6058,0
6063,0
6064,0
6075,0
6076,0
6087,1
6088,0
6093,0
6092,0
6100,0
6097,0
6098,0
6105,0
6108,0
6109,0
6115,0
6118,0
6121,0
6133,0
6125,0
6129,0
6141,0
6140,0
6139,0
6136,0
6134,1
6137,0
6148,0
6145,0
6154,0
6155,1
6150,0
6153,0
6172,0
6169,0
6164,0
6165,0
6167,0
6174,0
6183,0
6187,0
6201,0
6203,0
6193,0
6195,1
6204,0
6207,0
6211,0
6214,0
6216,0
6219,0
6220,0
6222,1
6229,0
6238,0
6237,0
6240,0
6245,0
6256,0
6258,0
6262,0
6266,0
6267,0
6268,0
6269,0
6277,0
6283,0
6281,0
6287,1
6290,0
6294,0
6296,0
6303,0
6305,0
6313,0
6318,0
6323,0
6328,0
6329,0
6333,1
6338,1
6339,0
6340,1
6349,0
6354,0
6356,0
6360,1
6370,0
6374,0
6377,0
6378,0
6380,0
6382,0
6383,0
6386,0
6388,0
6389,0
6392,0
6400,0
6399,0
6404,0
6397,0
6396,0
6398,0
6417,0
6419,0
6411,0
6416,0
6426,0
6422,0
6434,0
6441,0
6447,0
6458,0
6459,0
6460,0
6463,0
6465,0
6471,0
6472,0
6482,0
6480,0
6477,0
6476,0
6478,0
6484,0
6486,1
6488,0
6490,0
6492,0
6494,0
6496,1
6506,0
6505,1
6498,0
6499,0
6510,0
6514,0
6517,0
6520,0
6522,0
6530,1
6527,0
6528,0
6534,0
6542,0
6548,0
6554,0
6557,1
6558,0
6563,0
6568,0
6574,0
6572,0
6575,0
6580,0
6578,0
6589,0
6600,0
6605,0
6608,0
6610,0
6611,0
6615,0
6619,0
6628,0
6624,0
6636,0
6635,0
6631,0
6638,0
6642,0
6645,1
6646,0
6649,0
6651,0
6653,0
6665,0
6659,1
6666,1
6662,0
6657,0
6660,1
6658,1
6661,0
6670,0
6673,0
6675,1
6677,0
6688,0
6683,0
6695,0
6697,0
6698,0
6700,0
6704,0
6709,0
6708,0
6714,0
6719,0
6711,1
6713,0
6722,0
6723,0
6721,0
6736,0
6737,1
6739,0
6744,0
6748,0
6749,0
6759,0
6756,0
6758,0
6752,0
6751,0
6754,0
6768,0
6784,0
6785,0
6787,0
6791,0
6794,0
6796,0
6802,1
6798,0
6813,0
6806,1
6805,0
6816,0
6821,0
6822,0
6826,1
6829,1
6830,0
6832,0
6833,0
6838,0
6839,1
6853,0
6848,1
6856,0
6859,0
6863,0
6864,0
6870,0
6876,0
6877,0
6880,0
6886,0
6898,1
6894,0
6893,0
6895,0
6906,0
6908,0
6921,0
6923,0
6925,0
6928,0
6936,0
6937,0
6944,0
6940,0
6943,0
6945,0
6946,0
6950,1
6951,0
6961,0
6954,1
6957,0
6969,0
6967,0
6963,0
6972,0
6973,0
6976,0
6977,0
6989,0
6994,0
6999,1
7015,0
7010,1
7008,0
7020,0
7023,1
7024,0
7025,0
7028,0
7032,0
7033,1
7041,0
7045,0
7054,0
7049,0
7055,0
7063,0
7060,1
7065,0
7069,0
7074,0
7076,1
7086,0
7087,1
7088,0
7093,1
7100,0
7114,1
7117,0
7120,0
7128,0
7127,0
7130,0
7132,0
7134,1
7140,0
7143,0
7147,0
7150,0
7153,0
7154,0
7155,0
7168,1
7163,0
7170,0
7172,1
7174,0
7175,0
7182,0
7184,1
7190,0
7197,0
7208,0
7212,0
7206,1
7203,0
7217,0
7219,1
7220,0
7232,0
7235,0
7236,0
7244,0
7247,0
7255,0
7256,0
7273,0
7272,0
7271,0
7281,0
7282,0
7283,1
7284,0
7287,0
7288,0
7294,0
7293,0
7295,0
7291,0
7292,0
7298,0
7299,1
7311,0
7314,0
7318,0
7319,1
7321,0
7322,0
7327,0
7324,0
7328,0
7331,0
7337,0
7338,0
7340,0
7346,0
7348,0
7350,0
7357,0
7364,0
7367,0
7369,1
7378,0
7374,1
7373,0
7381,0
7382,0
7384,0
7385,0
7386,0
7389,0
7390,0
7392,0
7393,0
7402,1
7401,1
7400,0
7396,0
7404,0
7406,0
7411,0
7414,0
7416,0
7418,1
7419,0
7423,0
7426,0
7442,0
7449,0
7443,0
7452,0
7455,0
7456,0
7462,0
7466,0
7467,0
7470,0
7472,0
7481,0
7485,0
7493,0
7495,0
7496,0
7503,1
7505,1
7506,1
7510,0
7514,0
7517,1
7523,0
7524,0
7525,1
7527,0
7538,1
7542,0
7544,0
7545,0
7552,0
7553,0
7554,0
7559,0
7562,0
7574,0
7572,0
7571,0
7567,1
7568,0
7566,0
7582,0
7587,1
7588,0
7591,0
7595,0
7601,1
7611,0
7609,0
7608,0
7607,0
7604,1
7613,1
7619,0
7621,0
7622,0
7623,1
7624,0
7629,0
7632,1
7639,0
7633,0
7642,0
7645,0
7647,0
7651,1
7652,0
7653,0
7663,1
7664,1
7656,0
7658,0
7665,0
7671,0
7675,0
7677,0
7680,0
7682,1
7690,0
7688,0
7689,0
7694,0
7695,0
7698,0
7708,0
7703,0
7705,0
7702,0
7701,0
7710,0
7712,0
7713,0
7714,0
7715,0
7724,0
7729,0
7734,0
7741,0
7747,0
7748,0
7750,0
7752,0
7753,0
7756,0
7757,0
7758,0
7759,0
7771,0
7770,0
7762,0
7767,0
7779,0
7780,0
7784,0
7786,0
7789,0
7791,0
7800,0
7792,0
7795,0
7809,0
7808,0
7805,0
7806,0
7807,0
7824,0
7817,0
7819,0
7823,0
7837,1
7849,0
7846,0
7853,0
7842,0
7843,0
7855,0
7857,0
7859,0
7861,0
7864,0
7865,0
7868,0
7872,0
7875,0
7876,0
7881,0
7882,0
7883,0
7884,0
7885,0
7886,0
7888,1
7893,0
7900,0
7903,0
7907,1
7910,0
7905,0
7915,0
7917,0
7919,1
7922,1
7926,0
7927,0
7928,0
7931,1
7934,0
7942,1
7943,0
7949,0
7944,1
7946,0
7954,0
7957,0
7959,0
7965,1
7961,0
7963,0
7968,0
7970,0
7966,1
7981,0
7983,0
7979,0
7995,0
8000,0
8004,0
8007,1
8008,0
8009,0
8015,0
8016,1
8014,0
8020,0
8023,1
8024,0
8025,0
8026,0
8029,0
8038,1
8039,1
8035,0
8040,0
8032,0
8031,0
8030,1
8033,0
8041,0
8043,0
8047,0
8053,0
8054,0
8061,0
8066,0
8068,0
8073,1
8072,0
8070,0
8069,0
8082,0
8084,0
8085,1
8086,0
8091,0
8094,0
8096,0
8097,0
8112,0
8107,0
8110,0
8114,0
8113,0
8123,0
8128,0
8130,0
8132,1
8136,0
8138,0
8140,0
8141,0
8146,0
8157,0
8155,0
8152,0
8151,0
8159,0
8162,1
8163,0
8166,0
8170,0
8176,0
8182,0
8191,0
8192,0
8189,0
8190,1
8205,0
8212,0
8214,0
8216,0
8217,0
8220,0
8222,0
8234,0
8235,1
8236,0
8247,0
8246,0
8238,0
8241,0
8242,0
8251,0
8262,0
8257,0
8258,0
8259,1
8260,0
8261,0
8263,1
8275,0
8273,0
8270,0
8277,0
8282,0
8283,0
8285,0
8288,0
8291,0
8299,0
8300,0
8302,0
8303,0
8312,0
8310,0
8308,0
8306,1
8305,0
8307,0
8315,0
8317,0
8320,0
8321,0
8322,0
8327,0
8334,0
8332,0
8331,0
8330,0
8339,0
8340,0
8344,0
8349,0
8355,0
8361,0
8381,0
8384,0
8385,0
8386,0
8387,0
8395,0
8396,1
8407,0
8410,1
8412,0
8415,0
8418,0
8419,1
8421,0
8426,0
8425,0
8424,0
8423,1
8430,0
8435,0
8438,0
8440,0
8443,0
8448,1
8453,0
8455,1
8461,0
8465,0
8468,1
8475,1
8472,0
8474,0
8477,0
8478,0
8479,0
8487,0
8490,0
8495,0
8498,0
8503,0
8511,0
8513,0
8509,1
8505,0
8506,0
8507,0
8515,0
8518,0
8524,0
8526,0
8534,0
8540,1
8541,0
8547,0
8545,0
8555,0
8556,0
8557,0
8563,0
8565,0
8568,0
8572,0
8578,0
8577,0
8573,0
8574,0
8584,0
8587,0
8595,0
8599,1
8606,0
8609,0
8610,0
8614,0
8623,0
8638,1
8654,0
8649,0
8653,0
8660,0
8662,1
8663,0
8666,0
8668,0
8671,0
8690,0
8691,0
8696,0
8695,0
8692,0
8694,0
8697,1
8698,1
8702,0
8704,0
8705,1
8707,0
8712,0
8711,0
8721,0
8716,0
8713,0
8715,0
8725,0
8736,1
8729,1
8730,0
8739,0
8747,0
8746,0
8742,0
8740,0
8743,0
8755,0
8757,0
8758,0
8760,0
8764,0
8768,0
8772,0
8766,0
8765,1
8767,0
8774,0
8775,0
8777,0
8787,0
8784,0
8788,0
8778,0
8779,0
8789,0
8793,0
8798,0
8801,0
8805,0
8814,0
8822,0
8826,0
8828,0
8840,1
8838,0
8848,0
8849,0
8850,0
8854,0
8859,0
8860,0
8873,0
8878,0
8890,0
8896,0
8888,0
8889,1
8901,0
8907,0
8904,0
8911,0
8915,0
8921,1
8920,0
8914,0
8916,0
8922,1
8928,0
8931,0
8932,0
8933,0
8936,0
8938,0
8940,0
8950,0
8948,0
8945,0
8941,0
8952,0
8955,0
8960,0
8966,0
8968,0
8971,0
8972,0
8976,0
8978,0
8973,0
8982,0
8984,0
8987,0
8990,0
8991,0
8997,0
8998,0
8999,0
9001,0
9008,0
9016,0
9013,1
9012,0
9007,0
9009,0
9010,0
9021,0
9018,1
9020,0
9023,0
9043,0
9034,0
9037,0
9030,0
9031,0
9049,0
9050,0
9052,0
9053,0
9054,0
9059,0
9067,0
9064,0
9083,0
9089,0
9095,0
9103,0
9104,1
9121,0
9127,0
9128,0
9131,0
9140,0
9139,0
9135,0
9134,0
9133,0
9158,0
9159,0
9161,0
9164,0
9170,0
9182,0
9183,0
9175,1
9180,0
9184,0
9186,0
9188,0
9199,0
9200,0
9202,0
9205,0
9217,0
9211,0
9212,0
9226,0
9227,0
9222,1
9233,0
9232,0
9231,1
9229,0
9240,0
9244,0
9245,0
9246,0
9256,0
9258,0
9264,0
9266,0
9270,0
9279,0
9272,1
9280,0
9285,0
9286,0
9287,0
9288,0
9292,0
9302,0
9305,0
9311,0
9312,0
9322,0
9320,1
9314,0
9317,0
9318,0
9325,0
9332,0
9335,0
9346,0
9347,0
9348,0
9357,0
9362,0
9371,0
9365,0
9379,0
9381,0
9382,0
9390,0
9395,0
9401,1
9402,0
9405,0
9406,0
9413,0
9409,0
9410,0
9418,0
9420,1
9421,0
9424,1
9426,0
9428,0
9439,0
9440,1
9447,0
9448,0
9446,0
9450,0
9453,0
9456,0
9462,1
9467,1
9472,0
9481,0
9486,0
9493,0
9494,0
9498,0
9497,1
9503,0
9508,0
9511,1
9513,0
9514,0
9516,0
9522,0
9525,0
9518,1
9520,0
9526,0
9528,0
9529,1
9530,0
9538,0
9533,0
9534,0
9535,1
9540,0
9542,0
9552,0
9554,0
9566,0
9563,0
9578,0
9580,0
9581,0
9587,0
9592,0
9599,0
9602,0
9620,0
9624,0
9635,0
9634,0
9633,0
9630,1
9628,0
9637,0
9643,1
9647,1
9648,0
9653,0
9654,0
9656,0
9657,0
9668,0
9664,0
9663,0
9671,0
9674,1
9676,0
9677,0
9679,0
9680,0
9681,0
9682,0
9685,0
9686,0
9697,0
9701,0
9710,0
9719,0
9720,0
9721,0
9724,0
9728,0
9733,0
9735,0
9740,0
9750,0
9741,0
9747,0
9757,0
9761,0
9769,1
9770,0
9771,0
9776,0
9777,0
9782,0
9784,0
9791,0
9795,1
9800,0
9802,1
9803,0
9807,0
9808,0
9809,0
9819,0
9820,0
9822,1
9823,0
9828,0
9832,0
9837,0
9852,1
9856,0
9871,0
9873,0
9878,0
9882,0
9886,0
9883,0
9891,0
9892,0
9899,0
9900,0
9910,0
9919,1
9913,0
9914,0
9918,0
9920,0
9927,0
9929,1
9937,0
9933,0
9944,0
9948,1
9955,0
9960,0
9964,0
9966,1
9981,0
9989,0
9991,0
9995,0
9993,1
10001,0
10002,1
10003,0
10010,0
10011,0
10012,0
10013,0
10018,0
10019,0
10029,0
10022,0
10032,0
10037,0
10038,1
10043,0
10048,0
10054,0
10060,1
10073,0
10071,0
10063,0
10069,0
10075,0
10076,0
10080,0
10082,0
10095,0
10089,0
10090,0
10097,0
10114,0
10109,0
10112,0
10105,0
10106,0
10101,0
10116,0
10117,1
10123,1
10124,0
10126,0
10129,0
10136,0
10142,0
10145,0
10144,0
10149,0
10159,0
10163,1
10166,1
10170,0
10174,0
10180,0
10183,0
10185,0
10186,0
10191,0
10192,0
10193,0
10197,1
10198,0
10202,0
10205,0
10218,0
10229,0
10228,0
10230,0
10224,0
10227,0
10237,0
10242,0
10243,1
10256,0
10259,1
10260,0
10262,0
10266,0
10269,0
10272,0
10274,0
10275,0
10281,0
10285,0
10287,0
10288,0
10296,0
10298,0
10304,0
10306,0
